Utbildning,Arbsektor,Tot_antal,Percentile,Andel,Lon,Tickvalue
Ekonom,Privat,3118,Pct_3,3,27500,28000
Ekonom,Privat,3118,Pct_4,4,28000,28000
Ekonom,Privat,3118,Pct_5,5,29000,29000
Ekonom,Privat,3118,Pct_6,6,29800,30000
Ekonom,Privat,3118,Pct_7,7,30300,31000
Ekonom,Privat,3118,Pct_8,8,31000,31000
Ekonom,Privat,3118,Pct_9,9,31720,32000
Ekonom,Privat,3118,Pct_10,10,32100,33000
Ekonom,Privat,3118,Pct_11,11,32800,33000
Ekonom,Privat,3118,Pct_12,12,33300,34000
Ekonom,Privat,3118,Pct_13,13,33900,34000
Ekonom,Privat,3118,Pct_14,14,34176,35000
Ekonom,Privat,3118,Pct_15,15,35000,35000
Ekonom,Privat,3118,Pct_16,16,35100,36000
Ekonom,Privat,3118,Pct_17,17,35660,36000
Ekonom,Privat,3118,Pct_18,18,36000,36000
Ekonom,Privat,3118,Pct_19,19,36300,37000
Ekonom,Privat,3118,Pct_20,20,36800,37000
Ekonom,Privat,3118,Pct_21,21,37128,38000
Ekonom,Privat,3118,Pct_22,22,37700,38000
Ekonom,Privat,3118,Pct_23,23,38000,38000
Ekonom,Privat,3118,Pct_24,24,38600,39000
Ekonom,Privat,3118,Pct_25,25,39100,40000
Ekonom,Privat,3118,Pct_26,26,39500,40000
Ekonom,Privat,3118,Pct_27,27,40000,40000
Ekonom,Privat,3118,Pct_28,28,40000,40000
Ekonom,Privat,3118,Pct_29,29,40474,41000
Ekonom,Privat,3118,Pct_30,30,40800,41000
Ekonom,Privat,3118,Pct_31,31,41100,42000
Ekonom,Privat,3118,Pct_32,32,41500,42000
Ekonom,Privat,3118,Pct_33,33,42000,42000
Ekonom,Privat,3118,Pct_34,34,42200,43000
Ekonom,Privat,3118,Pct_35,35,42582,43000
Ekonom,Privat,3118,Pct_36,36,43000,43000
Ekonom,Privat,3118,Pct_37,37,43324,44000
Ekonom,Privat,3118,Pct_38,38,43758,44000
Ekonom,Privat,3118,Pct_39,39,44100,45000
Ekonom,Privat,3118,Pct_40,40,44500,45000
Ekonom,Privat,3118,Pct_41,41,44974,45000
Ekonom,Privat,3118,Pct_42,42,45000,45000
Ekonom,Privat,3118,Pct_43,43,45524,46000
Ekonom,Privat,3118,Pct_44,44,45940,46000
Ekonom,Privat,3118,Pct_45,45,46185,47000
Ekonom,Privat,3118,Pct_46,46,46800,47000
Ekonom,Privat,3118,Pct_47,47,47000,47000
Ekonom,Privat,3118,Pct_48,48,47453,48000
Ekonom,Privat,3118,Pct_49,49,47774,48000
Ekonom,Privat,3118,Pct_50,50,48000,48000
Ekonom,Privat,3118,Pct_51,51,48300,49000
Ekonom,Privat,3118,Pct_52,52,48800,49000
Ekonom,Privat,3118,Pct_53,53,49000,49000
Ekonom,Privat,3118,Pct_54,54,49636,50000
Ekonom,Privat,3118,Pct_55,55,50000,50000
Ekonom,Privat,3118,Pct_56,56,50000,50000
Ekonom,Privat,3118,Pct_57,57,50500,51000
Ekonom,Privat,3118,Pct_58,58,51000,51000
Ekonom,Privat,3118,Pct_59,59,51450,52000
Ekonom,Privat,3118,Pct_60,60,52000,52000
Ekonom,Privat,3118,Pct_61,61,52374,53000
Ekonom,Privat,3118,Pct_62,62,52940,53000
Ekonom,Privat,3118,Pct_63,63,53405,54000
Ekonom,Privat,3118,Pct_64,64,54000,54000
Ekonom,Privat,3118,Pct_65,65,54474,55000
Ekonom,Privat,3118,Pct_66,66,55000,55000
Ekonom,Privat,3118,Pct_67,67,55320,56000
Ekonom,Privat,3118,Pct_68,68,56000,56000
Ekonom,Privat,3118,Pct_69,69,56500,57000
Ekonom,Privat,3118,Pct_70,70,57000,57000
Ekonom,Privat,3118,Pct_71,71,57774,58000
Ekonom,Privat,3118,Pct_72,72,58358,59000
Ekonom,Privat,3118,Pct_73,73,59333,60000
Ekonom,Privat,3118,Pct_74,74,60000,60000
Ekonom,Privat,3118,Pct_75,75,60750,61000
Ekonom,Privat,3118,Pct_76,76,61600,62000
Ekonom,Privat,3118,Pct_77,77,62200,63000
Ekonom,Privat,3118,Pct_78,78,63000,63000
Ekonom,Privat,3118,Pct_79,79,64120,65000
Ekonom,Privat,3118,Pct_80,80,65000,65000
Ekonom,Privat,3118,Pct_81,81,66000,66000
Ekonom,Privat,3118,Pct_82,82,67000,67000
Ekonom,Privat,3118,Pct_83,83,68000,68000
Ekonom,Privat,3118,Pct_84,84,69500,70000
Ekonom,Privat,3118,Pct_85,85,70000,70000
Ekonom,Privat,3118,Pct_86,86,71000,71000
Ekonom,Privat,3118,Pct_87,87,72774,73000
Ekonom,Privat,3118,Pct_88,88,74274,75000
Ekonom,Privat,3118,Pct_89,89,75795,76000
Ekonom,Privat,3118,Pct_90,90,77900,78000
Ekonom,Privat,3118,Pct_91,91,79000,79000
Ekonom,Privat,3118,Pct_92,92,81319,82000
Ekonom,Privat,3118,Pct_93,93,84000,84000
Ekonom,Privat,3118,Pct_94,94,88000,88000
Ekonom,Privat,3118,Pct_95,95,92182,93000
Ekonom,Privat,3118,Pct_96,96,99000,99000
Ekonom,Privat,3118,Pct_97,97,108300,109000
Ekonom,Offentlig,2900,Pct_3,3,27800,28000
Ekonom,Offentlig,2900,Pct_4,4,28300,29000
Ekonom,Offentlig,2900,Pct_5,5,28800,29000
Ekonom,Offentlig,2900,Pct_6,6,29300,30000
Ekonom,Offentlig,2900,Pct_7,7,29700,30000
Ekonom,Offentlig,2900,Pct_8,8,30050,31000
Ekonom,Offentlig,2900,Pct_9,9,30500,31000
Ekonom,Offentlig,2900,Pct_10,10,30984,31000
Ekonom,Offentlig,2900,Pct_11,11,31300,32000
Ekonom,Offentlig,2900,Pct_12,12,31628,32000
Ekonom,Offentlig,2900,Pct_13,13,31984,32000
Ekonom,Offentlig,2900,Pct_14,14,32200,33000
Ekonom,Offentlig,2900,Pct_15,15,32500,33000
Ekonom,Offentlig,2900,Pct_16,16,32800,33000
Ekonom,Offentlig,2900,Pct_17,17,33000,33000
Ekonom,Offentlig,2900,Pct_18,18,33200,34000
Ekonom,Offentlig,2900,Pct_19,19,33423,34000
Ekonom,Offentlig,2900,Pct_20,20,33700,34000
Ekonom,Offentlig,2900,Pct_21,21,34000,34000
Ekonom,Offentlig,2900,Pct_22,22,34200,35000
Ekonom,Offentlig,2900,Pct_23,23,34500,35000
Ekonom,Offentlig,2900,Pct_24,24,34800,35000
Ekonom,Offentlig,2900,Pct_25,25,35000,35000
Ekonom,Offentlig,2900,Pct_26,26,35200,36000
Ekonom,Offentlig,2900,Pct_27,27,35500,36000
Ekonom,Offentlig,2900,Pct_28,28,35700,36000
Ekonom,Offentlig,2900,Pct_29,29,36000,36000
Ekonom,Offentlig,2900,Pct_30,30,36200,37000
Ekonom,Offentlig,2900,Pct_31,31,36500,37000
Ekonom,Offentlig,2900,Pct_32,32,36700,37000
Ekonom,Offentlig,2900,Pct_33,33,37000,37000
Ekonom,Offentlig,2900,Pct_34,34,37300,38000
Ekonom,Offentlig,2900,Pct_35,35,37500,38000
Ekonom,Offentlig,2900,Pct_36,36,37800,38000
Ekonom,Offentlig,2900,Pct_37,37,38000,38000
Ekonom,Offentlig,2900,Pct_38,38,38100,39000
Ekonom,Offentlig,2900,Pct_39,39,38400,39000
Ekonom,Offentlig,2900,Pct_40,40,38600,39000
Ekonom,Offentlig,2900,Pct_41,41,38800,39000
Ekonom,Offentlig,2900,Pct_42,42,39000,39000
Ekonom,Offentlig,2900,Pct_43,43,39125,40000
Ekonom,Offentlig,2900,Pct_44,44,39300,40000
Ekonom,Offentlig,2900,Pct_45,45,39600,40000
Ekonom,Offentlig,2900,Pct_46,46,39800,40000
Ekonom,Offentlig,2900,Pct_47,47,40000,40000
Ekonom,Offentlig,2900,Pct_48,48,40100,41000
Ekonom,Offentlig,2900,Pct_49,49,40500,41000
Ekonom,Offentlig,2900,Pct_50,50,40720,41000
Ekonom,Offentlig,2900,Pct_51,51,41000,41000
Ekonom,Offentlig,2900,Pct_52,52,41000,41000
Ekonom,Offentlig,2900,Pct_53,53,41487,42000
Ekonom,Offentlig,2900,Pct_54,54,41700,42000
Ekonom,Offentlig,2900,Pct_55,55,41900,42000
Ekonom,Offentlig,2900,Pct_56,56,42000,42000
Ekonom,Offentlig,2900,Pct_57,57,42250,43000
Ekonom,Offentlig,2900,Pct_58,58,42500,43000
Ekonom,Offentlig,2900,Pct_59,59,43000,43000
Ekonom,Offentlig,2900,Pct_60,60,43159,44000
Ekonom,Offentlig,2900,Pct_61,61,43500,44000
Ekonom,Offentlig,2900,Pct_62,62,43900,44000
Ekonom,Offentlig,2900,Pct_63,63,44000,44000
Ekonom,Offentlig,2900,Pct_64,64,44350,45000
Ekonom,Offentlig,2900,Pct_65,65,44700,45000
Ekonom,Offentlig,2900,Pct_66,66,45000,45000
Ekonom,Offentlig,2900,Pct_67,67,45300,46000
Ekonom,Offentlig,2900,Pct_68,68,45600,46000
Ekonom,Offentlig,2900,Pct_69,69,46000,46000
Ekonom,Offentlig,2900,Pct_70,70,46325,47000
Ekonom,Offentlig,2900,Pct_71,71,46800,47000
Ekonom,Offentlig,2900,Pct_72,72,47100,48000
Ekonom,Offentlig,2900,Pct_73,73,47500,48000
Ekonom,Offentlig,2900,Pct_74,74,48000,48000
Ekonom,Offentlig,2900,Pct_75,75,48150,49000
Ekonom,Offentlig,2900,Pct_76,76,48700,49000
Ekonom,Offentlig,2900,Pct_77,77,49100,50000
Ekonom,Offentlig,2900,Pct_78,78,49530,50000
Ekonom,Offentlig,2900,Pct_79,79,50000,50000
Ekonom,Offentlig,2900,Pct_80,80,50300,51000
Ekonom,Offentlig,2900,Pct_81,81,50769,51000
Ekonom,Offentlig,2900,Pct_82,82,51300,52000
Ekonom,Offentlig,2900,Pct_83,83,52000,52000
Ekonom,Offentlig,2900,Pct_84,84,52300,53000
Ekonom,Offentlig,2900,Pct_85,85,53000,53000
Ekonom,Offentlig,2900,Pct_86,86,53700,54000
Ekonom,Offentlig,2900,Pct_87,87,54363,55000
Ekonom,Offentlig,2900,Pct_88,88,55000,55000
Ekonom,Offentlig,2900,Pct_89,89,56000,56000
Ekonom,Offentlig,2900,Pct_90,90,57125,58000
Ekonom,Offentlig,2900,Pct_91,91,58000,58000
Ekonom,Offentlig,2900,Pct_92,92,59475,60000
Ekonom,Offentlig,2900,Pct_93,93,60675,61000
Ekonom,Offentlig,2900,Pct_94,94,62000,62000
Ekonom,Offentlig,2900,Pct_95,95,64000,64000
Ekonom,Offentlig,2900,Pct_96,96,67050,68000
Ekonom,Offentlig,2900,Pct_97,97,70000,70000
Jurist,Privat,2787,Pct_3,3,28000,28000
Jurist,Privat,2787,Pct_4,4,28774,29000
Jurist,Privat,2787,Pct_5,5,29274,30000
Jurist,Privat,2787,Pct_6,6,30000,30000
Jurist,Privat,2787,Pct_7,7,30250,31000
Jurist,Privat,2787,Pct_8,8,30988,31000
Jurist,Privat,2787,Pct_9,9,31500,32000
Jurist,Privat,2787,Pct_10,10,32000,32000
Jurist,Privat,2787,Pct_11,11,32000,32000
Jurist,Privat,2787,Pct_12,12,32720,33000
Jurist,Privat,2787,Pct_13,13,33000,33000
Jurist,Privat,2787,Pct_14,14,33600,34000
Jurist,Privat,2787,Pct_15,15,34000,34000
Jurist,Privat,2787,Pct_16,16,34700,35000
Jurist,Privat,2787,Pct_17,17,35000,35000
Jurist,Privat,2787,Pct_18,18,35000,35000
Jurist,Privat,2787,Pct_19,19,35658,36000
Jurist,Privat,2787,Pct_20,20,36000,36000
Jurist,Privat,2787,Pct_21,21,36500,37000
Jurist,Privat,2787,Pct_22,22,37000,37000
Jurist,Privat,2787,Pct_23,23,37474,38000
Jurist,Privat,2787,Pct_24,24,38000,38000
Jurist,Privat,2787,Pct_25,25,38416,39000
Jurist,Privat,2787,Pct_26,26,38800,39000
Jurist,Privat,2787,Pct_27,27,39000,39000
Jurist,Privat,2787,Pct_28,28,39800,40000
Jurist,Privat,2787,Pct_29,29,40000,40000
Jurist,Privat,2787,Pct_30,30,40800,41000
Jurist,Privat,2787,Pct_31,31,41000,41000
Jurist,Privat,2787,Pct_32,32,41700,42000
Jurist,Privat,2787,Pct_33,33,42000,42000
Jurist,Privat,2787,Pct_34,34,42500,43000
Jurist,Privat,2787,Pct_35,35,43000,43000
Jurist,Privat,2787,Pct_36,36,43250,44000
Jurist,Privat,2787,Pct_37,37,43771,44000
Jurist,Privat,2787,Pct_38,38,44000,44000
Jurist,Privat,2787,Pct_39,39,44700,45000
Jurist,Privat,2787,Pct_40,40,45000,45000
Jurist,Privat,2787,Pct_41,41,45500,46000
Jurist,Privat,2787,Pct_42,42,46000,46000
Jurist,Privat,2787,Pct_43,43,46500,47000
Jurist,Privat,2787,Pct_44,44,47000,47000
Jurist,Privat,2787,Pct_45,45,47700,48000
Jurist,Privat,2787,Pct_46,46,48000,48000
Jurist,Privat,2787,Pct_47,47,48574,49000
Jurist,Privat,2787,Pct_48,48,49100,50000
Jurist,Privat,2787,Pct_49,49,50000,50000
Jurist,Privat,2787,Pct_50,50,50000,50000
Jurist,Privat,2787,Pct_51,51,50774,51000
Jurist,Privat,2787,Pct_52,52,51200,52000
Jurist,Privat,2787,Pct_53,53,52000,52000
Jurist,Privat,2787,Pct_54,54,52000,52000
Jurist,Privat,2787,Pct_55,55,52674,53000
Jurist,Privat,2787,Pct_56,56,53274,54000
Jurist,Privat,2787,Pct_57,57,53833,54000
Jurist,Privat,2787,Pct_58,58,54574,55000
Jurist,Privat,2787,Pct_59,59,55000,55000
Jurist,Privat,2787,Pct_60,60,55500,56000
Jurist,Privat,2787,Pct_61,61,56100,57000
Jurist,Privat,2787,Pct_62,62,57000,57000
Jurist,Privat,2787,Pct_63,63,57730,58000
Jurist,Privat,2787,Pct_64,64,58400,59000
Jurist,Privat,2787,Pct_65,65,59166,60000
Jurist,Privat,2787,Pct_66,66,60000,60000
Jurist,Privat,2787,Pct_67,67,60774,61000
Jurist,Privat,2787,Pct_68,68,61500,62000
Jurist,Privat,2787,Pct_69,69,62000,62000
Jurist,Privat,2787,Pct_70,70,62424,63000
Jurist,Privat,2787,Pct_71,71,63000,63000
Jurist,Privat,2787,Pct_72,72,64130,65000
Jurist,Privat,2787,Pct_73,73,65000,65000
Jurist,Privat,2787,Pct_74,74,65800,66000
Jurist,Privat,2787,Pct_75,75,66774,67000
Jurist,Privat,2787,Pct_76,76,67843,68000
Jurist,Privat,2787,Pct_77,77,68774,69000
Jurist,Privat,2787,Pct_78,78,70000,70000
Jurist,Privat,2787,Pct_79,79,70000,70000
Jurist,Privat,2787,Pct_80,80,71107,72000
Jurist,Privat,2787,Pct_81,81,72500,73000
Jurist,Privat,2787,Pct_82,82,73795,74000
Jurist,Privat,2787,Pct_83,83,75000,75000
Jurist,Privat,2787,Pct_84,84,76000,76000
Jurist,Privat,2787,Pct_85,85,77000,77000
Jurist,Privat,2787,Pct_86,86,78750,79000
Jurist,Privat,2787,Pct_87,87,80000,80000
Jurist,Privat,2787,Pct_88,88,81600,82000
Jurist,Privat,2787,Pct_89,89,83100,84000
Jurist,Privat,2787,Pct_90,90,85400,86000
Jurist,Privat,2787,Pct_91,91,87880,88000
Jurist,Privat,2787,Pct_92,92,90000,90000
Jurist,Privat,2787,Pct_93,93,92500,93000
Jurist,Privat,2787,Pct_94,94,95260,96000
Jurist,Privat,2787,Pct_95,95,100000,100000
Jurist,Privat,2787,Pct_96,96,105000,105000
Jurist,Privat,2787,Pct_97,97,110000,110000
Jurist,Offentlig,5370,Pct_3,3,26800,27000
Jurist,Offentlig,5370,Pct_4,4,27300,28000
Jurist,Offentlig,5370,Pct_5,5,27700,28000
Jurist,Offentlig,5370,Pct_6,6,28000,28000
Jurist,Offentlig,5370,Pct_7,7,28400,29000
Jurist,Offentlig,5370,Pct_8,8,28600,29000
Jurist,Offentlig,5370,Pct_9,9,28600,29000
Jurist,Offentlig,5370,Pct_10,10,29000,29000
Jurist,Offentlig,5370,Pct_11,11,29300,30000
Jurist,Offentlig,5370,Pct_12,12,29750,30000
Jurist,Offentlig,5370,Pct_13,13,30000,30000
Jurist,Offentlig,5370,Pct_14,14,30500,31000
Jurist,Offentlig,5370,Pct_15,15,31000,31000
Jurist,Offentlig,5370,Pct_16,16,31300,32000
Jurist,Offentlig,5370,Pct_17,17,31900,32000
Jurist,Offentlig,5370,Pct_18,18,32125,33000
Jurist,Offentlig,5370,Pct_19,19,32500,33000
Jurist,Offentlig,5370,Pct_20,20,32800,33000
Jurist,Offentlig,5370,Pct_21,21,33000,33000
Jurist,Offentlig,5370,Pct_22,22,33200,34000
Jurist,Offentlig,5370,Pct_23,23,33550,34000
Jurist,Offentlig,5370,Pct_24,24,34000,34000
Jurist,Offentlig,5370,Pct_25,25,34200,35000
Jurist,Offentlig,5370,Pct_26,26,34500,35000
Jurist,Offentlig,5370,Pct_27,27,34800,35000
Jurist,Offentlig,5370,Pct_28,28,35000,35000
Jurist,Offentlig,5370,Pct_29,29,35400,36000
Jurist,Offentlig,5370,Pct_30,30,35700,36000
Jurist,Offentlig,5370,Pct_31,31,36000,36000
Jurist,Offentlig,5370,Pct_32,32,36400,37000
Jurist,Offentlig,5370,Pct_33,33,36600,37000
Jurist,Offentlig,5370,Pct_34,34,36900,37000
Jurist,Offentlig,5370,Pct_35,35,37000,37000
Jurist,Offentlig,5370,Pct_36,36,37500,38000
Jurist,Offentlig,5370,Pct_37,37,37800,38000
Jurist,Offentlig,5370,Pct_38,38,38000,38000
Jurist,Offentlig,5370,Pct_39,39,38500,39000
Jurist,Offentlig,5370,Pct_40,40,38750,39000
Jurist,Offentlig,5370,Pct_41,41,39000,39000
Jurist,Offentlig,5370,Pct_42,42,39300,40000
Jurist,Offentlig,5370,Pct_43,43,39600,40000
Jurist,Offentlig,5370,Pct_44,44,40000,40000
Jurist,Offentlig,5370,Pct_45,45,40100,41000
Jurist,Offentlig,5370,Pct_46,46,40500,41000
Jurist,Offentlig,5370,Pct_47,47,40900,41000
Jurist,Offentlig,5370,Pct_48,48,41200,42000
Jurist,Offentlig,5370,Pct_49,49,41600,42000
Jurist,Offentlig,5370,Pct_50,50,42000,42000
Jurist,Offentlig,5370,Pct_51,51,42200,43000
Jurist,Offentlig,5370,Pct_52,52,42700,43000
Jurist,Offentlig,5370,Pct_53,53,43000,43000
Jurist,Offentlig,5370,Pct_54,54,43400,44000
Jurist,Offentlig,5370,Pct_55,55,43700,44000
Jurist,Offentlig,5370,Pct_56,56,44000,44000
Jurist,Offentlig,5370,Pct_57,57,44500,45000
Jurist,Offentlig,5370,Pct_58,58,45000,45000
Jurist,Offentlig,5370,Pct_59,59,45000,45000
Jurist,Offentlig,5370,Pct_60,60,45415,46000
Jurist,Offentlig,5370,Pct_61,61,45900,46000
Jurist,Offentlig,5370,Pct_62,62,46100,47000
Jurist,Offentlig,5370,Pct_63,63,46500,47000
Jurist,Offentlig,5370,Pct_64,64,47000,47000
Jurist,Offentlig,5370,Pct_65,65,47300,48000
Jurist,Offentlig,5370,Pct_66,66,47700,48000
Jurist,Offentlig,5370,Pct_67,67,48000,48000
Jurist,Offentlig,5370,Pct_68,68,48500,49000
Jurist,Offentlig,5370,Pct_69,69,49000,49000
Jurist,Offentlig,5370,Pct_70,70,49400,50000
Jurist,Offentlig,5370,Pct_71,71,50000,50000
Jurist,Offentlig,5370,Pct_72,72,50300,51000
Jurist,Offentlig,5370,Pct_73,73,51050,52000
Jurist,Offentlig,5370,Pct_74,74,52000,52000
Jurist,Offentlig,5370,Pct_75,75,52500,53000
Jurist,Offentlig,5370,Pct_76,76,53000,53000
Jurist,Offentlig,5370,Pct_77,77,54000,54000
Jurist,Offentlig,5370,Pct_78,78,54900,55000
Jurist,Offentlig,5370,Pct_79,79,55600,56000
Jurist,Offentlig,5370,Pct_80,80,56680,57000
Jurist,Offentlig,5370,Pct_81,81,57800,58000
Jurist,Offentlig,5370,Pct_82,82,58900,59000
Jurist,Offentlig,5370,Pct_83,83,59760,60000
Jurist,Offentlig,5370,Pct_84,84,60300,61000
Jurist,Offentlig,5370,Pct_85,85,61200,62000
Jurist,Offentlig,5370,Pct_86,86,62000,62000
Jurist,Offentlig,5370,Pct_87,87,62500,63000
Jurist,Offentlig,5370,Pct_88,88,63300,64000
Jurist,Offentlig,5370,Pct_89,89,64100,65000
Jurist,Offentlig,5370,Pct_90,90,64900,65000
Jurist,Offentlig,5370,Pct_91,91,65300,66000
Jurist,Offentlig,5370,Pct_92,92,66700,67000
Jurist,Offentlig,5370,Pct_93,93,68274,69000
Jurist,Offentlig,5370,Pct_94,94,70000,70000
Jurist,Offentlig,5370,Pct_95,95,72500,73000
Jurist,Offentlig,5370,Pct_96,96,74500,75000
Jurist,Offentlig,5370,Pct_97,97,78500,79000
Samhällsvetare,Privat,1333,Pct_3,3,27523,28000
Samhällsvetare,Privat,1333,Pct_4,4,28500,29000
Samhällsvetare,Privat,1333,Pct_5,5,29000,29000
Samhällsvetare,Privat,1333,Pct_6,6,29174,30000
Samhällsvetare,Privat,1333,Pct_7,7,30000,30000
Samhällsvetare,Privat,1333,Pct_8,8,30200,31000
Samhällsvetare,Privat,1333,Pct_9,9,30955,31000
Samhällsvetare,Privat,1333,Pct_10,10,31300,32000
Samhällsvetare,Privat,1333,Pct_11,11,31800,32000
Samhällsvetare,Privat,1333,Pct_12,12,32000,32000
Samhällsvetare,Privat,1333,Pct_13,13,32600,33000
Samhällsvetare,Privat,1333,Pct_14,14,33000,33000
Samhällsvetare,Privat,1333,Pct_15,15,33000,33000
Samhällsvetare,Privat,1333,Pct_16,16,33500,34000
Samhällsvetare,Privat,1333,Pct_17,17,34000,34000
Samhällsvetare,Privat,1333,Pct_18,18,34000,34000
Samhällsvetare,Privat,1333,Pct_19,19,34500,35000
Samhällsvetare,Privat,1333,Pct_20,20,35000,35000
Samhällsvetare,Privat,1333,Pct_21,21,35320,36000
Samhällsvetare,Privat,1333,Pct_22,22,35620,36000
Samhällsvetare,Privat,1333,Pct_23,23,36000,36000
Samhällsvetare,Privat,1333,Pct_24,24,36250,37000
Samhällsvetare,Privat,1333,Pct_25,25,36600,37000
Samhällsvetare,Privat,1333,Pct_26,26,36974,37000
Samhällsvetare,Privat,1333,Pct_27,27,37000,37000
Samhällsvetare,Privat,1333,Pct_28,28,37500,38000
Samhällsvetare,Privat,1333,Pct_29,29,37974,38000
Samhällsvetare,Privat,1333,Pct_30,30,38000,38000
Samhällsvetare,Privat,1333,Pct_31,31,38563,39000
Samhällsvetare,Privat,1333,Pct_32,32,39000,39000
Samhällsvetare,Privat,1333,Pct_33,33,39000,39000
Samhällsvetare,Privat,1333,Pct_34,34,39200,40000
Samhällsvetare,Privat,1333,Pct_35,35,39500,40000
Samhällsvetare,Privat,1333,Pct_36,36,39974,40000
Samhällsvetare,Privat,1333,Pct_37,37,40000,40000
Samhällsvetare,Privat,1333,Pct_38,38,40218,41000
Samhällsvetare,Privat,1333,Pct_39,39,40574,41000
Samhällsvetare,Privat,1333,Pct_40,40,41000,41000
Samhällsvetare,Privat,1333,Pct_41,41,41250,42000
Samhällsvetare,Privat,1333,Pct_42,42,41661,42000
Samhällsvetare,Privat,1333,Pct_43,43,42000,42000
Samhällsvetare,Privat,1333,Pct_44,44,42150,43000
Samhällsvetare,Privat,1333,Pct_45,45,42674,43000
Samhällsvetare,Privat,1333,Pct_46,46,43000,43000
Samhällsvetare,Privat,1333,Pct_47,47,43500,44000
Samhällsvetare,Privat,1333,Pct_48,48,43800,44000
Samhällsvetare,Privat,1333,Pct_49,49,44000,44000
Samhällsvetare,Privat,1333,Pct_50,50,44700,45000
Samhällsvetare,Privat,1333,Pct_51,51,44968,45000
Samhällsvetare,Privat,1333,Pct_52,52,45174,46000
Samhällsvetare,Privat,1333,Pct_53,53,45500,46000
Samhällsvetare,Privat,1333,Pct_54,54,45700,46000
Samhällsvetare,Privat,1333,Pct_55,55,46000,46000
Samhällsvetare,Privat,1333,Pct_56,56,46500,47000
Samhällsvetare,Privat,1333,Pct_57,57,46900,47000
Samhällsvetare,Privat,1333,Pct_58,58,47100,48000
Samhällsvetare,Privat,1333,Pct_59,59,47774,48000
Samhällsvetare,Privat,1333,Pct_60,60,48000,48000
Samhällsvetare,Privat,1333,Pct_61,61,48000,48000
Samhällsvetare,Privat,1333,Pct_62,62,48520,49000
Samhällsvetare,Privat,1333,Pct_63,63,49000,49000
Samhällsvetare,Privat,1333,Pct_64,64,49600,50000
Samhällsvetare,Privat,1333,Pct_65,65,50000,50000
Samhällsvetare,Privat,1333,Pct_66,66,50000,50000
Samhällsvetare,Privat,1333,Pct_67,67,50274,51000
Samhällsvetare,Privat,1333,Pct_68,68,51000,51000
Samhällsvetare,Privat,1333,Pct_69,69,51500,52000
Samhällsvetare,Privat,1333,Pct_70,70,52000,52000
Samhällsvetare,Privat,1333,Pct_71,71,52274,53000
Samhällsvetare,Privat,1333,Pct_72,72,52900,53000
Samhällsvetare,Privat,1333,Pct_73,73,53150,54000
Samhällsvetare,Privat,1333,Pct_74,74,54000,54000
Samhällsvetare,Privat,1333,Pct_75,75,54700,55000
Samhällsvetare,Privat,1333,Pct_76,76,55200,56000
Samhällsvetare,Privat,1333,Pct_77,77,56000,56000
Samhällsvetare,Privat,1333,Pct_78,78,56100,57000
Samhällsvetare,Privat,1333,Pct_79,79,57500,58000
Samhällsvetare,Privat,1333,Pct_80,80,58000,58000
Samhällsvetare,Privat,1333,Pct_81,81,58500,59000
Samhällsvetare,Privat,1333,Pct_82,82,59000,59000
Samhällsvetare,Privat,1333,Pct_83,83,60000,60000
Samhällsvetare,Privat,1333,Pct_84,84,60774,61000
Samhällsvetare,Privat,1333,Pct_85,85,61800,62000
Samhällsvetare,Privat,1333,Pct_86,86,62872,63000
Samhällsvetare,Privat,1333,Pct_87,87,64000,64000
Samhällsvetare,Privat,1333,Pct_88,88,65400,66000
Samhällsvetare,Privat,1333,Pct_89,89,67000,67000
Samhällsvetare,Privat,1333,Pct_90,90,68000,68000
Samhällsvetare,Privat,1333,Pct_91,91,69500,70000
Samhällsvetare,Privat,1333,Pct_92,92,71119,72000
Samhällsvetare,Privat,1333,Pct_93,93,73494,74000
Samhällsvetare,Privat,1333,Pct_94,94,76000,76000
Samhällsvetare,Privat,1333,Pct_95,95,78500,79000
Samhällsvetare,Privat,1333,Pct_96,96,82774,83000
Samhällsvetare,Privat,1333,Pct_97,97,88774,89000
Samhällsvetare,Offentlig,4178,Pct_3,3,26800,27000
Samhällsvetare,Offentlig,4178,Pct_4,4,27200,28000
Samhällsvetare,Offentlig,4178,Pct_5,5,27600,28000
Samhällsvetare,Offentlig,4178,Pct_6,6,28000,28000
Samhällsvetare,Offentlig,4178,Pct_7,7,28400,29000
Samhällsvetare,Offentlig,4178,Pct_8,8,28700,29000
Samhällsvetare,Offentlig,4178,Pct_9,9,29000,29000
Samhällsvetare,Offentlig,4178,Pct_10,10,29200,30000
Samhällsvetare,Offentlig,4178,Pct_11,11,29600,30000
Samhällsvetare,Offentlig,4178,Pct_12,12,30000,30000
Samhällsvetare,Offentlig,4178,Pct_13,13,30000,30000
Samhällsvetare,Offentlig,4178,Pct_14,14,30300,31000
Samhällsvetare,Offentlig,4178,Pct_15,15,30530,31000
Samhällsvetare,Offentlig,4178,Pct_16,16,30900,31000
Samhällsvetare,Offentlig,4178,Pct_17,17,31100,32000
Samhällsvetare,Offentlig,4178,Pct_18,18,31400,32000
Samhällsvetare,Offentlig,4178,Pct_19,19,31600,32000
Samhällsvetare,Offentlig,4178,Pct_20,20,31900,32000
Samhällsvetare,Offentlig,4178,Pct_21,21,32000,32000
Samhällsvetare,Offentlig,4178,Pct_22,22,32300,33000
Samhällsvetare,Offentlig,4178,Pct_23,23,32515,33000
Samhällsvetare,Offentlig,4178,Pct_24,24,32800,33000
Samhällsvetare,Offentlig,4178,Pct_25,25,33000,33000
Samhällsvetare,Offentlig,4178,Pct_26,26,33300,34000
Samhällsvetare,Offentlig,4178,Pct_27,27,33500,34000
Samhällsvetare,Offentlig,4178,Pct_28,28,33800,34000
Samhällsvetare,Offentlig,4178,Pct_29,29,34000,34000
Samhällsvetare,Offentlig,4178,Pct_30,30,34300,35000
Samhällsvetare,Offentlig,4178,Pct_31,31,34600,35000
Samhällsvetare,Offentlig,4178,Pct_32,32,34900,35000
Samhällsvetare,Offentlig,4178,Pct_33,33,35000,35000
Samhällsvetare,Offentlig,4178,Pct_34,34,35250,36000
Samhällsvetare,Offentlig,4178,Pct_35,35,35600,36000
Samhällsvetare,Offentlig,4178,Pct_36,36,35800,36000
Samhällsvetare,Offentlig,4178,Pct_37,37,36000,36000
Samhällsvetare,Offentlig,4178,Pct_38,38,36100,37000
Samhällsvetare,Offentlig,4178,Pct_39,39,36400,37000
Samhällsvetare,Offentlig,4178,Pct_40,40,36600,37000
Samhällsvetare,Offentlig,4178,Pct_41,41,36875,37000
Samhällsvetare,Offentlig,4178,Pct_42,42,37000,37000
Samhällsvetare,Offentlig,4178,Pct_43,43,37300,38000
Samhällsvetare,Offentlig,4178,Pct_44,44,37500,38000
Samhällsvetare,Offentlig,4178,Pct_45,45,37800,38000
Samhällsvetare,Offentlig,4178,Pct_46,46,38000,38000
Samhällsvetare,Offentlig,4178,Pct_47,47,38000,38000
Samhällsvetare,Offentlig,4178,Pct_48,48,38300,39000
Samhällsvetare,Offentlig,4178,Pct_49,49,38500,39000
Samhällsvetare,Offentlig,4178,Pct_50,50,38800,39000
Samhällsvetare,Offentlig,4178,Pct_51,51,39000,39000
Samhällsvetare,Offentlig,4178,Pct_52,52,39300,40000
Samhällsvetare,Offentlig,4178,Pct_53,53,39500,40000
Samhällsvetare,Offentlig,4178,Pct_54,54,39850,40000
Samhällsvetare,Offentlig,4178,Pct_55,55,40000,40000
Samhällsvetare,Offentlig,4178,Pct_56,56,40200,41000
Samhällsvetare,Offentlig,4178,Pct_57,57,40500,41000
Samhällsvetare,Offentlig,4178,Pct_58,58,40700,41000
Samhällsvetare,Offentlig,4178,Pct_59,59,41000,41000
Samhällsvetare,Offentlig,4178,Pct_60,60,41100,42000
Samhällsvetare,Offentlig,4178,Pct_61,61,41400,42000
Samhällsvetare,Offentlig,4178,Pct_62,62,41600,42000
Samhällsvetare,Offentlig,4178,Pct_63,63,41900,42000
Samhällsvetare,Offentlig,4178,Pct_64,64,42000,42000
Samhällsvetare,Offentlig,4178,Pct_65,65,42300,43000
Samhällsvetare,Offentlig,4178,Pct_66,66,42600,43000
Samhällsvetare,Offentlig,4178,Pct_67,67,43000,43000
Samhällsvetare,Offentlig,4178,Pct_68,68,43100,44000
Samhällsvetare,Offentlig,4178,Pct_69,69,43500,44000
Samhällsvetare,Offentlig,4178,Pct_70,70,43900,44000
Samhällsvetare,Offentlig,4178,Pct_71,71,44200,45000
Samhällsvetare,Offentlig,4178,Pct_72,72,44500,45000
Samhällsvetare,Offentlig,4178,Pct_73,73,44770,45000
Samhällsvetare,Offentlig,4178,Pct_74,74,45000,45000
Samhällsvetare,Offentlig,4178,Pct_75,75,45200,46000
Samhällsvetare,Offentlig,4178,Pct_76,76,45800,46000
Samhällsvetare,Offentlig,4178,Pct_77,77,46000,46000
Samhällsvetare,Offentlig,4178,Pct_78,78,46500,47000
Samhällsvetare,Offentlig,4178,Pct_79,79,47000,47000
Samhällsvetare,Offentlig,4178,Pct_80,80,47500,48000
Samhällsvetare,Offentlig,4178,Pct_81,81,48000,48000
Samhällsvetare,Offentlig,4178,Pct_82,82,48500,49000
Samhällsvetare,Offentlig,4178,Pct_83,83,49000,49000
Samhällsvetare,Offentlig,4178,Pct_84,84,49600,50000
Samhällsvetare,Offentlig,4178,Pct_85,85,50150,51000
Samhällsvetare,Offentlig,4178,Pct_86,86,51000,51000
Samhällsvetare,Offentlig,4178,Pct_87,87,51500,52000
Samhällsvetare,Offentlig,4178,Pct_88,88,52000,52000
Samhällsvetare,Offentlig,4178,Pct_89,89,53000,53000
Samhällsvetare,Offentlig,4178,Pct_90,90,54100,55000
Samhällsvetare,Offentlig,4178,Pct_91,91,55000,55000
Samhällsvetare,Offentlig,4178,Pct_92,92,56200,57000
Samhällsvetare,Offentlig,4178,Pct_93,93,57500,58000
Samhällsvetare,Offentlig,4178,Pct_94,94,58700,59000
Samhällsvetare,Offentlig,4178,Pct_95,95,60000,60000
Samhällsvetare,Offentlig,4178,Pct_96,96,61800,62000
Samhällsvetare,Offentlig,4178,Pct_97,97,64000,64000
Personalvetare,Privat,806,Pct_3,3,26000,26000
Personalvetare,Privat,806,Pct_4,4,27000,27000
Personalvetare,Privat,806,Pct_5,5,27500,28000
Personalvetare,Privat,806,Pct_6,6,28500,29000
Personalvetare,Privat,806,Pct_7,7,28900,29000
Personalvetare,Privat,806,Pct_8,8,29500,30000
Personalvetare,Privat,806,Pct_9,9,30000,30000
Personalvetare,Privat,806,Pct_10,10,30500,31000
Personalvetare,Privat,806,Pct_11,11,30800,31000
Personalvetare,Privat,806,Pct_12,12,31000,31000
Personalvetare,Privat,806,Pct_13,13,31774,32000
Personalvetare,Privat,806,Pct_14,14,32000,32000
Personalvetare,Privat,806,Pct_15,15,32200,33000
Personalvetare,Privat,806,Pct_16,16,32800,33000
Personalvetare,Privat,806,Pct_17,17,33100,34000
Personalvetare,Privat,806,Pct_18,18,33500,34000
Personalvetare,Privat,806,Pct_19,19,33900,34000
Personalvetare,Privat,806,Pct_20,20,34000,34000
Personalvetare,Privat,806,Pct_21,21,34190,35000
Personalvetare,Privat,806,Pct_22,22,34700,35000
Personalvetare,Privat,806,Pct_23,23,35000,35000
Personalvetare,Privat,806,Pct_24,24,35160,36000
Personalvetare,Privat,806,Pct_25,25,35800,36000
Personalvetare,Privat,806,Pct_26,26,36000,36000
Personalvetare,Privat,806,Pct_27,27,36100,37000
Personalvetare,Privat,806,Pct_28,28,36700,37000
Personalvetare,Privat,806,Pct_29,29,37000,37000
Personalvetare,Privat,806,Pct_30,30,37274,38000
Personalvetare,Privat,806,Pct_31,31,37500,38000
Personalvetare,Privat,806,Pct_32,32,38000,38000
Personalvetare,Privat,806,Pct_33,33,38000,38000
Personalvetare,Privat,806,Pct_34,34,38500,39000
Personalvetare,Privat,806,Pct_35,35,38800,39000
Personalvetare,Privat,806,Pct_36,36,39000,39000
Personalvetare,Privat,806,Pct_37,37,39500,40000
Personalvetare,Privat,806,Pct_38,38,40000,40000
Personalvetare,Privat,806,Pct_39,39,40000,40000
Personalvetare,Privat,806,Pct_40,40,40400,41000
Personalvetare,Privat,806,Pct_41,41,40700,41000
Personalvetare,Privat,806,Pct_42,42,41500,42000
Personalvetare,Privat,806,Pct_43,43,42000,42000
Personalvetare,Privat,806,Pct_44,44,42200,43000
Personalvetare,Privat,806,Pct_45,45,42500,43000
Personalvetare,Privat,806,Pct_46,46,42850,43000
Personalvetare,Privat,806,Pct_47,47,43100,44000
Personalvetare,Privat,806,Pct_48,48,43600,44000
Personalvetare,Privat,806,Pct_49,49,44000,44000
Personalvetare,Privat,806,Pct_50,50,44500,45000
Personalvetare,Privat,806,Pct_51,51,45000,45000
Personalvetare,Privat,806,Pct_52,52,45003,46000
Personalvetare,Privat,806,Pct_53,53,45500,46000
Personalvetare,Privat,806,Pct_54,54,46000,46000
Personalvetare,Privat,806,Pct_55,55,46500,47000
Personalvetare,Privat,806,Pct_56,56,47000,47000
Personalvetare,Privat,806,Pct_57,57,47500,48000
Personalvetare,Privat,806,Pct_58,58,48000,48000
Personalvetare,Privat,806,Pct_59,59,48274,49000
Personalvetare,Privat,806,Pct_60,60,48500,49000
Personalvetare,Privat,806,Pct_61,61,48900,49000
Personalvetare,Privat,806,Pct_62,62,49400,50000
Personalvetare,Privat,806,Pct_63,63,49866,50000
Personalvetare,Privat,806,Pct_64,64,50000,50000
Personalvetare,Privat,806,Pct_65,65,50300,51000
Personalvetare,Privat,806,Pct_66,66,51000,51000
Personalvetare,Privat,806,Pct_67,67,51100,52000
Personalvetare,Privat,806,Pct_68,68,51550,52000
Personalvetare,Privat,806,Pct_69,69,52400,53000
Personalvetare,Privat,806,Pct_70,70,53000,53000
Personalvetare,Privat,806,Pct_71,71,53770,54000
Personalvetare,Privat,806,Pct_72,72,54500,55000
Personalvetare,Privat,806,Pct_73,73,55000,55000
Personalvetare,Privat,806,Pct_74,74,55600,56000
Personalvetare,Privat,806,Pct_75,75,56000,56000
Personalvetare,Privat,806,Pct_76,76,57000,57000
Personalvetare,Privat,806,Pct_77,77,57774,58000
Personalvetare,Privat,806,Pct_78,78,58500,59000
Personalvetare,Privat,806,Pct_79,79,59404,60000
Personalvetare,Privat,806,Pct_80,80,60200,61000
Personalvetare,Privat,806,Pct_81,81,61200,62000
Personalvetare,Privat,806,Pct_82,82,61970,62000
Personalvetare,Privat,806,Pct_83,83,63000,63000
Personalvetare,Privat,806,Pct_84,84,64374,65000
Personalvetare,Privat,806,Pct_85,85,65370,66000
Personalvetare,Privat,806,Pct_86,86,67000,67000
Personalvetare,Privat,806,Pct_87,87,69000,69000
Personalvetare,Privat,806,Pct_88,88,70000,70000
Personalvetare,Privat,806,Pct_89,89,71875,72000
Personalvetare,Privat,806,Pct_90,90,74500,75000
Personalvetare,Privat,806,Pct_91,91,75500,76000
Personalvetare,Privat,806,Pct_92,92,77716,78000
Personalvetare,Privat,806,Pct_93,93,79774,80000
Personalvetare,Privat,806,Pct_94,94,83000,83000
Personalvetare,Privat,806,Pct_95,95,85500,86000
Personalvetare,Privat,806,Pct_96,96,90000,90000
Personalvetare,Privat,806,Pct_97,97,98700,99000
Personalvetare,Offentlig,1076,Pct_3,3,26500,27000
Personalvetare,Offentlig,1076,Pct_4,4,27000,27000
Personalvetare,Offentlig,1076,Pct_5,5,27300,28000
Personalvetare,Offentlig,1076,Pct_6,6,27700,28000
Personalvetare,Offentlig,1076,Pct_7,7,28000,28000
Personalvetare,Offentlig,1076,Pct_8,8,28200,29000
Personalvetare,Offentlig,1076,Pct_9,9,28500,29000
Personalvetare,Offentlig,1076,Pct_10,10,28700,29000
Personalvetare,Offentlig,1076,Pct_11,11,29000,29000
Personalvetare,Offentlig,1076,Pct_12,12,29100,30000
Personalvetare,Offentlig,1076,Pct_13,13,29500,30000
Personalvetare,Offentlig,1076,Pct_14,14,29700,30000
Personalvetare,Offentlig,1076,Pct_15,15,30000,30000
Personalvetare,Offentlig,1076,Pct_16,16,30000,30000
Personalvetare,Offentlig,1076,Pct_17,17,30200,31000
Personalvetare,Offentlig,1076,Pct_18,18,30600,31000
Personalvetare,Offentlig,1076,Pct_19,19,31000,31000
Personalvetare,Offentlig,1076,Pct_20,20,31000,31000
Personalvetare,Offentlig,1076,Pct_21,21,31400,32000
Personalvetare,Offentlig,1076,Pct_22,22,31650,32000
Personalvetare,Offentlig,1076,Pct_23,23,32000,32000
Personalvetare,Offentlig,1076,Pct_24,24,32050,33000
Personalvetare,Offentlig,1076,Pct_25,25,32400,33000
Personalvetare,Offentlig,1076,Pct_26,26,32500,33000
Personalvetare,Offentlig,1076,Pct_27,27,32900,33000
Personalvetare,Offentlig,1076,Pct_28,28,33000,33000
Personalvetare,Offentlig,1076,Pct_29,29,33200,34000
Personalvetare,Offentlig,1076,Pct_30,30,33500,34000
Personalvetare,Offentlig,1076,Pct_31,31,33700,34000
Personalvetare,Offentlig,1076,Pct_32,32,34000,34000
Personalvetare,Offentlig,1076,Pct_33,33,34200,35000
Personalvetare,Offentlig,1076,Pct_34,34,34500,35000
Personalvetare,Offentlig,1076,Pct_35,35,34774,35000
Personalvetare,Offentlig,1076,Pct_36,36,35000,35000
Personalvetare,Offentlig,1076,Pct_37,37,35100,36000
Personalvetare,Offentlig,1076,Pct_38,38,35300,36000
Personalvetare,Offentlig,1076,Pct_39,39,35500,36000
Personalvetare,Offentlig,1076,Pct_40,40,35700,36000
Personalvetare,Offentlig,1076,Pct_41,41,36000,36000
Personalvetare,Offentlig,1076,Pct_42,42,36200,37000
Personalvetare,Offentlig,1076,Pct_43,43,36500,37000
Personalvetare,Offentlig,1076,Pct_44,44,36800,37000
Personalvetare,Offentlig,1076,Pct_45,45,37000,37000
Personalvetare,Offentlig,1076,Pct_46,46,37000,37000
Personalvetare,Offentlig,1076,Pct_47,47,37250,38000
Personalvetare,Offentlig,1076,Pct_48,48,37500,38000
Personalvetare,Offentlig,1076,Pct_49,49,37630,38000
Personalvetare,Offentlig,1076,Pct_50,50,37800,38000
Personalvetare,Offentlig,1076,Pct_51,51,38000,38000
Personalvetare,Offentlig,1076,Pct_52,52,38300,39000
Personalvetare,Offentlig,1076,Pct_53,53,38500,39000
Personalvetare,Offentlig,1076,Pct_54,54,38720,39000
Personalvetare,Offentlig,1076,Pct_55,55,39000,39000
Personalvetare,Offentlig,1076,Pct_56,56,39274,40000
Personalvetare,Offentlig,1076,Pct_57,57,39600,40000
Personalvetare,Offentlig,1076,Pct_58,58,39900,40000
Personalvetare,Offentlig,1076,Pct_59,59,40000,40000
Personalvetare,Offentlig,1076,Pct_60,60,40000,40000
Personalvetare,Offentlig,1076,Pct_61,61,40500,41000
Personalvetare,Offentlig,1076,Pct_62,62,40600,41000
Personalvetare,Offentlig,1076,Pct_63,63,41000,41000
Personalvetare,Offentlig,1076,Pct_64,64,41200,42000
Personalvetare,Offentlig,1076,Pct_65,65,41650,42000
Personalvetare,Offentlig,1076,Pct_66,66,41950,42000
Personalvetare,Offentlig,1076,Pct_67,67,42000,42000
Personalvetare,Offentlig,1076,Pct_68,68,42400,43000
Personalvetare,Offentlig,1076,Pct_69,69,42600,43000
Personalvetare,Offentlig,1076,Pct_70,70,42900,43000
Personalvetare,Offentlig,1076,Pct_71,71,43000,43000
Personalvetare,Offentlig,1076,Pct_72,72,43300,44000
Personalvetare,Offentlig,1076,Pct_73,73,43600,44000
Personalvetare,Offentlig,1076,Pct_74,74,44000,44000
Personalvetare,Offentlig,1076,Pct_75,75,44400,45000
Personalvetare,Offentlig,1076,Pct_76,76,44900,45000
Personalvetare,Offentlig,1076,Pct_77,77,45000,45000
Personalvetare,Offentlig,1076,Pct_78,78,45500,46000
Personalvetare,Offentlig,1076,Pct_79,79,46000,46000
Personalvetare,Offentlig,1076,Pct_80,80,46400,47000
Personalvetare,Offentlig,1076,Pct_81,81,47000,47000
Personalvetare,Offentlig,1076,Pct_82,82,47500,48000
Personalvetare,Offentlig,1076,Pct_83,83,48000,48000
Personalvetare,Offentlig,1076,Pct_84,84,48500,49000
Personalvetare,Offentlig,1076,Pct_85,85,49000,49000
Personalvetare,Offentlig,1076,Pct_86,86,50000,50000
Personalvetare,Offentlig,1076,Pct_87,87,50100,51000
Personalvetare,Offentlig,1076,Pct_88,88,50500,51000
Personalvetare,Offentlig,1076,Pct_89,89,51500,52000
Personalvetare,Offentlig,1076,Pct_90,90,52500,53000
Personalvetare,Offentlig,1076,Pct_91,91,53700,54000
Personalvetare,Offentlig,1076,Pct_92,92,54300,55000
Personalvetare,Offentlig,1076,Pct_93,93,56000,56000
Personalvetare,Offentlig,1076,Pct_94,94,58700,59000
Personalvetare,Offentlig,1076,Pct_95,95,61300,62000
Personalvetare,Offentlig,1076,Pct_96,96,63000,63000
Personalvetare,Offentlig,1076,Pct_97,97,67000,67000
Systemvetare,Privat,2967,Pct_3,3,30000,30000
Systemvetare,Privat,2967,Pct_4,4,30500,31000
Systemvetare,Privat,2967,Pct_5,5,31416,32000
Systemvetare,Privat,2967,Pct_6,6,32000,32000
Systemvetare,Privat,2967,Pct_7,7,33000,33000
Systemvetare,Privat,2967,Pct_8,8,33500,34000
Systemvetare,Privat,2967,Pct_9,9,34300,35000
Systemvetare,Privat,2967,Pct_10,10,34750,35000
Systemvetare,Privat,2967,Pct_11,11,35000,35000
Systemvetare,Privat,2967,Pct_12,12,35500,36000
Systemvetare,Privat,2967,Pct_13,13,36000,36000
Systemvetare,Privat,2967,Pct_14,14,36225,37000
Systemvetare,Privat,2967,Pct_15,15,36800,37000
Systemvetare,Privat,2967,Pct_16,16,37100,38000
Systemvetare,Privat,2967,Pct_17,17,37600,38000
Systemvetare,Privat,2967,Pct_18,18,38000,38000
Systemvetare,Privat,2967,Pct_19,19,38400,39000
Systemvetare,Privat,2967,Pct_20,20,38900,39000
Systemvetare,Privat,2967,Pct_21,21,39000,39000
Systemvetare,Privat,2967,Pct_22,22,39500,40000
Systemvetare,Privat,2967,Pct_23,23,40000,40000
Systemvetare,Privat,2967,Pct_24,24,40000,40000
Systemvetare,Privat,2967,Pct_25,25,40210,41000
Systemvetare,Privat,2967,Pct_26,26,40660,41000
Systemvetare,Privat,2967,Pct_27,27,41000,41000
Systemvetare,Privat,2967,Pct_28,28,41200,42000
Systemvetare,Privat,2967,Pct_29,29,41500,42000
Systemvetare,Privat,2967,Pct_30,30,41880,42000
Systemvetare,Privat,2967,Pct_31,31,42000,42000
Systemvetare,Privat,2967,Pct_32,32,42250,43000
Systemvetare,Privat,2967,Pct_33,33,42550,43000
Systemvetare,Privat,2967,Pct_34,34,42830,43000
Systemvetare,Privat,2967,Pct_35,35,43000,43000
Systemvetare,Privat,2967,Pct_36,36,43400,44000
Systemvetare,Privat,2967,Pct_37,37,43750,44000
Systemvetare,Privat,2967,Pct_38,38,44000,44000
Systemvetare,Privat,2967,Pct_39,39,44000,44000
Systemvetare,Privat,2967,Pct_40,40,44500,45000
Systemvetare,Privat,2967,Pct_41,41,44800,45000
Systemvetare,Privat,2967,Pct_42,42,45000,45000
Systemvetare,Privat,2967,Pct_43,43,45100,46000
Systemvetare,Privat,2967,Pct_44,44,45500,46000
Systemvetare,Privat,2967,Pct_45,45,45810,46000
Systemvetare,Privat,2967,Pct_46,46,46000,46000
Systemvetare,Privat,2967,Pct_47,47,46250,47000
Systemvetare,Privat,2967,Pct_48,48,46500,47000
Systemvetare,Privat,2967,Pct_49,49,46800,47000
Systemvetare,Privat,2967,Pct_50,50,47000,47000
Systemvetare,Privat,2967,Pct_51,51,47292,48000
Systemvetare,Privat,2967,Pct_52,52,47550,48000
Systemvetare,Privat,2967,Pct_53,53,47850,48000
Systemvetare,Privat,2967,Pct_54,54,48000,48000
Systemvetare,Privat,2967,Pct_55,55,48300,49000
Systemvetare,Privat,2967,Pct_56,56,48674,49000
Systemvetare,Privat,2967,Pct_57,57,49000,49000
Systemvetare,Privat,2967,Pct_58,58,49100,50000
Systemvetare,Privat,2967,Pct_59,59,49500,50000
Systemvetare,Privat,2967,Pct_60,60,49900,50000
Systemvetare,Privat,2967,Pct_61,61,50000,50000
Systemvetare,Privat,2967,Pct_62,62,50043,51000
Systemvetare,Privat,2967,Pct_63,63,50500,51000
Systemvetare,Privat,2967,Pct_64,64,51000,51000
Systemvetare,Privat,2967,Pct_65,65,51136,52000
Systemvetare,Privat,2967,Pct_66,66,51500,52000
Systemvetare,Privat,2967,Pct_67,67,52000,52000
Systemvetare,Privat,2967,Pct_68,68,52100,53000
Systemvetare,Privat,2967,Pct_69,69,52500,53000
Systemvetare,Privat,2967,Pct_70,70,53000,53000
Systemvetare,Privat,2967,Pct_71,71,53372,54000
Systemvetare,Privat,2967,Pct_72,72,53680,54000
Systemvetare,Privat,2967,Pct_73,73,54000,54000
Systemvetare,Privat,2967,Pct_74,74,54400,55000
Systemvetare,Privat,2967,Pct_75,75,55000,55000
Systemvetare,Privat,2967,Pct_76,76,55120,56000
Systemvetare,Privat,2967,Pct_77,77,55752,56000
Systemvetare,Privat,2967,Pct_78,78,56100,57000
Systemvetare,Privat,2967,Pct_79,79,56717,57000
Systemvetare,Privat,2967,Pct_80,80,57300,58000
Systemvetare,Privat,2967,Pct_81,81,58000,58000
Systemvetare,Privat,2967,Pct_82,82,58500,59000
Systemvetare,Privat,2967,Pct_83,83,59000,59000
Systemvetare,Privat,2967,Pct_84,84,60000,60000
Systemvetare,Privat,2967,Pct_85,85,60300,61000
Systemvetare,Privat,2967,Pct_86,86,61046,62000
Systemvetare,Privat,2967,Pct_87,87,62000,62000
Systemvetare,Privat,2967,Pct_88,88,62524,63000
Systemvetare,Privat,2967,Pct_89,89,63600,64000
Systemvetare,Privat,2967,Pct_90,90,65000,65000
Systemvetare,Privat,2967,Pct_91,91,66000,66000
Systemvetare,Privat,2967,Pct_92,92,67700,68000
Systemvetare,Privat,2967,Pct_93,93,69288,70000
Systemvetare,Privat,2967,Pct_94,94,71500,72000
Systemvetare,Privat,2967,Pct_95,95,74000,74000
Systemvetare,Privat,2967,Pct_96,96,77300,78000
Systemvetare,Privat,2967,Pct_97,97,82499,83000
Systemvetare,Offentlig,1517,Pct_3,3,28200,29000
Systemvetare,Offentlig,1517,Pct_4,4,29000,29000
Systemvetare,Offentlig,1517,Pct_5,5,29650,30000
Systemvetare,Offentlig,1517,Pct_6,6,30100,31000
Systemvetare,Offentlig,1517,Pct_7,7,30600,31000
Systemvetare,Offentlig,1517,Pct_8,8,31250,32000
Systemvetare,Offentlig,1517,Pct_9,9,31800,32000
Systemvetare,Offentlig,1517,Pct_10,10,32100,33000
Systemvetare,Offentlig,1517,Pct_11,11,32500,33000
Systemvetare,Offentlig,1517,Pct_12,12,32850,33000
Systemvetare,Offentlig,1517,Pct_13,13,33100,34000
Systemvetare,Offentlig,1517,Pct_14,14,33400,34000
Systemvetare,Offentlig,1517,Pct_15,15,33700,34000
Systemvetare,Offentlig,1517,Pct_16,16,34000,34000
Systemvetare,Offentlig,1517,Pct_17,17,34250,35000
Systemvetare,Offentlig,1517,Pct_18,18,34500,35000
Systemvetare,Offentlig,1517,Pct_19,19,34743,35000
Systemvetare,Offentlig,1517,Pct_20,20,34950,35000
Systemvetare,Offentlig,1517,Pct_21,21,35148,36000
Systemvetare,Offentlig,1517,Pct_22,22,35500,36000
Systemvetare,Offentlig,1517,Pct_23,23,35800,36000
Systemvetare,Offentlig,1517,Pct_24,24,36100,37000
Systemvetare,Offentlig,1517,Pct_25,25,36400,37000
Systemvetare,Offentlig,1517,Pct_26,26,36550,37000
Systemvetare,Offentlig,1517,Pct_27,27,36750,37000
Systemvetare,Offentlig,1517,Pct_28,28,37000,37000
Systemvetare,Offentlig,1517,Pct_29,29,37300,38000
Systemvetare,Offentlig,1517,Pct_30,30,37500,38000
Systemvetare,Offentlig,1517,Pct_31,31,37700,38000
Systemvetare,Offentlig,1517,Pct_32,32,37850,38000
Systemvetare,Offentlig,1517,Pct_33,33,38000,38000
Systemvetare,Offentlig,1517,Pct_34,34,38200,39000
Systemvetare,Offentlig,1517,Pct_35,35,38420,39000
Systemvetare,Offentlig,1517,Pct_36,36,38600,39000
Systemvetare,Offentlig,1517,Pct_37,37,38900,39000
Systemvetare,Offentlig,1517,Pct_38,38,39000,39000
Systemvetare,Offentlig,1517,Pct_39,39,39300,40000
Systemvetare,Offentlig,1517,Pct_40,40,39600,40000
Systemvetare,Offentlig,1517,Pct_41,41,39700,40000
Systemvetare,Offentlig,1517,Pct_42,42,39850,40000
Systemvetare,Offentlig,1517,Pct_43,43,40000,40000
Systemvetare,Offentlig,1517,Pct_44,44,40000,40000
Systemvetare,Offentlig,1517,Pct_45,45,40200,41000
Systemvetare,Offentlig,1517,Pct_46,46,40500,41000
Systemvetare,Offentlig,1517,Pct_47,47,40700,41000
Systemvetare,Offentlig,1517,Pct_48,48,41000,41000
Systemvetare,Offentlig,1517,Pct_49,49,41200,42000
Systemvetare,Offentlig,1517,Pct_50,50,41400,42000
Systemvetare,Offentlig,1517,Pct_51,51,41600,42000
Systemvetare,Offentlig,1517,Pct_52,52,41800,42000
Systemvetare,Offentlig,1517,Pct_53,53,42000,42000
Systemvetare,Offentlig,1517,Pct_54,54,42000,42000
Systemvetare,Offentlig,1517,Pct_55,55,42100,43000
Systemvetare,Offentlig,1517,Pct_56,56,42300,43000
Systemvetare,Offentlig,1517,Pct_57,57,42600,43000
Systemvetare,Offentlig,1517,Pct_58,58,42800,43000
Systemvetare,Offentlig,1517,Pct_59,59,43000,43000
Systemvetare,Offentlig,1517,Pct_60,60,43000,43000
Systemvetare,Offentlig,1517,Pct_61,61,43200,44000
Systemvetare,Offentlig,1517,Pct_62,62,43500,44000
Systemvetare,Offentlig,1517,Pct_63,63,43800,44000
Systemvetare,Offentlig,1517,Pct_64,64,44000,44000
Systemvetare,Offentlig,1517,Pct_65,65,44200,45000
Systemvetare,Offentlig,1517,Pct_66,66,44500,45000
Systemvetare,Offentlig,1517,Pct_67,67,44916,45000
Systemvetare,Offentlig,1517,Pct_68,68,45000,45000
Systemvetare,Offentlig,1517,Pct_69,69,45200,46000
Systemvetare,Offentlig,1517,Pct_70,70,45500,46000
Systemvetare,Offentlig,1517,Pct_71,71,45900,46000
Systemvetare,Offentlig,1517,Pct_72,72,46000,46000
Systemvetare,Offentlig,1517,Pct_73,73,46200,47000
Systemvetare,Offentlig,1517,Pct_74,74,46700,47000
Systemvetare,Offentlig,1517,Pct_75,75,46900,47000
Systemvetare,Offentlig,1517,Pct_76,76,47300,48000
Systemvetare,Offentlig,1517,Pct_77,77,47500,48000
Systemvetare,Offentlig,1517,Pct_78,78,48000,48000
Systemvetare,Offentlig,1517,Pct_79,79,48200,49000
Systemvetare,Offentlig,1517,Pct_80,80,48600,49000
Systemvetare,Offentlig,1517,Pct_81,81,49000,49000
Systemvetare,Offentlig,1517,Pct_82,82,49500,50000
Systemvetare,Offentlig,1517,Pct_83,83,50000,50000
Systemvetare,Offentlig,1517,Pct_84,84,50400,51000
Systemvetare,Offentlig,1517,Pct_85,85,50800,51000
Systemvetare,Offentlig,1517,Pct_86,86,51100,52000
Systemvetare,Offentlig,1517,Pct_87,87,52000,52000
Systemvetare,Offentlig,1517,Pct_88,88,52400,53000
Systemvetare,Offentlig,1517,Pct_89,89,53000,53000
Systemvetare,Offentlig,1517,Pct_90,90,53629,54000
Systemvetare,Offentlig,1517,Pct_91,91,54200,55000
Systemvetare,Offentlig,1517,Pct_92,92,55100,56000
Systemvetare,Offentlig,1517,Pct_93,93,56000,56000
Systemvetare,Offentlig,1517,Pct_94,94,57800,58000
Systemvetare,Offentlig,1517,Pct_95,95,59622,60000
Systemvetare,Offentlig,1517,Pct_96,96,61000,61000
Systemvetare,Offentlig,1517,Pct_97,97,66100,67000
